timestamp,movement,heart_rate,state,hr_change,hr_rolling_mean,movement_rolling_mean
0,0.0,83.0,rest,0.0,83.0,0.0
1,6.961223958333333,83.13333333333334,rest,0.13333333333333997,83.06666666666666,3.4806119791666665
2,4.132096354166666,83.26666666666667,rest,0.13333333333332575,83.13333333333334,3.6977734375
3,5.504778645833333,83.4,rest,0.13333333333333997,83.2,4.149524739583333
4,5.872239583333333,83.53333333333333,rest,0.13333333333332575,83.26666666666668,4.494067708333334
5,7.551302083333334,83.66666666666667,rest,0.13333333333333997,83.33333333333333,5.003606770833334
6,5.851158854166667,83.8,rest,0.13333333333332575,83.39999999999999,5.124685639880952
7,4.963736979166667,83.93333333333334,rest,0.13333333333333997,83.46666666666667,5.104567057291667
8,4.8855078125,84.06666666666666,rest,0.13333333333332575,83.53333333333333,5.080227141203704
9,4.4952604166666665,84.2,rest,0.13333333333333997,83.6,5.02173046875
10,3.542330729166667,84.33333333333333,rest,0.13333333333332575,83.73333333333333,5.375963541666667
11,4.141080729166666,84.46666666666667,rest,0.13333333333333997,83.86666666666667,5.09394921875
12,2.308880208333333,84.6,rest,0.13333333333332575,84.0,4.911627604166666
13,4.434609375,84.73333333333333,rest,0.13333333333333997,84.13333333333333,4.804610677083334
14,3.159309895833333,84.86666666666666,rest,0.13333333333332575,84.26666666666667,4.533317708333334
15,3.648671875,85.0,rest,0.13333333333333997,84.4,4.143054687499999
16,3.922317708333333,84.93333333333334,rest,-0.06666666666666288,84.51333333333335,3.9501705729166665
17,3.920078125,84.86666666666666,rest,-0.06666666666667709,84.60666666666665,3.8458046875000003
18,3.171028645833333,84.8,rest,-0.06666666666666288,84.68,3.674356770833333
19,3.954453125,84.73333333333333,rest,-0.06666666666666288,84.73333333333333,3.620276041666666
20,3.227903645833333,84.66666666666667,rest,-0.06666666666666288,84.76666666666667,3.5888333333333327
21,3.1608072916666665,84.6,rest,-0.06666666666667709,84.78,3.4908059895833334
22,3.839361979166666,84.53333333333333,rest,-0.06666666666666288,84.77333333333334,3.643854166666666
23,4.014231770833334,84.46666666666667,rest,-0.06666666666666288,84.74666666666667,3.6018164062499998
24,2.866875,84.4,rest,-0.06666666666666288,84.7,3.572572916666666
25,1.8734244791666668,84.33333333333333,rest,-0.06666666666667709,84.63333333333334,3.3950481770833334
26,3.606015625,84.26666666666667,rest,-0.06666666666666288,84.56666666666668,3.3634179687500003
27,3.6107421875,84.2,rest,-0.06666666666666288,84.5,3.332484375
28,2.6700260416666666,84.13333333333334,rest,-0.06666666666666288,84.43333333333332,3.2823841145833335
29,1.6426692708333333,84.06666666666666,rest,-0.06666666666667709,84.36666666666666,3.0512057291666665
30,3.822473958333333,84.0,rest,-0.06666666666666288,84.3,3.1106627604166666
31,3.5227083333333336,84.2,rest,0.20000000000000284,84.26,3.1468528645833334
32,3.236927083333333,84.4,rest,0.20000000000000284,84.24666666666667,3.0866093749999997
33,1.8313671875,84.6,rest,0.19999999999998863,84.26,2.868322916666666
34,3.7530859375,84.8,rest,0.20000000000000284,84.3,2.9569440104166667
35,3.0820182291666667,85.0,rest,0.20000000000000284,84.36666666666666,3.0778033854166664
36,3.2832161458333333,85.2,rest,0.20000000000000284,84.46000000000001,3.0455234374999995
37,2.0220963541666666,85.4,rest,0.20000000000000284,84.58000000000001,2.8866588541666665
38,4.2921744791666665,85.6,rest,0.19999999999998863,84.72666666666667,3.0488736979166666
39,3.0085026041666665,85.8,rest,0.20000000000000284,84.9,3.18545703125
40,4.887200520833333,86.0,rest,0.20000000000000284,85.1,3.2919296875
41,7.8605078125,86.2,rest,0.20000000000000284,85.3,3.725709635416666
42,5.056653645833333,86.4,rest,0.20000000000000284,85.5,3.9076822916666663
43,29.1630859375,86.6,rest,0.19999999999998863,85.7,6.640854166666666
44,29.2907421875,86.8,rest,0.20000000000000284,85.9,9.194619791666668
45,5.281640625,87.0,rest,0.20000000000000284,86.1,9.414582031250001
46,3.74078125,87.13333333333334,rest,0.13333333333333997,86.29333333333332,9.460338541666667
47,3.6324869791666665,87.26666666666667,rest,0.13333333333332575,86.47999999999999,9.621377604166668
48,3.552526041666667,87.4,rest,0.13333333333333997,86.66,9.547412760416666
49,3.0397526041666665,87.53333333333333,rest,0.13333333333332575,86.83333333333334,9.550537760416667
50,1.8855859375,87.66666666666667,rest,0.13333333333333997,87.0,9.250376302083334
51,3.420625,87.8,rest,0.13333333333332575,87.16,8.806388020833333
52,2.8358854166666667,87.93333333333334,rest,0.13333333333333997,87.31333333333333,8.584311197916668
53,3.29203125,88.06666666666666,rest,0.13333333333332575,87.46,5.997205729166667
54,1.9656770833333328,88.2,rest,0.13333333333333997,87.6,3.2646992187499997
55,3.30484375,88.33333333333333,rest,0.13333333333332575,87.73333333333333,3.0670195312499997
56,2.3283463541666665,88.46666666666667,rest,0.13333333333333997,87.86666666666667,2.9257760416666665
57,3.121263020833333,88.6,rest,0.13333333333332575,88.0,2.874653645833333
58,1.6965755208333333,88.73333333333333,rest,0.13333333333333997,88.13333333333333,2.68905859375
59,3.0522395833333333,88.86666666666666,rest,0.13333333333332575,88.26666666666667,2.6903072916666666
60,1.93625,89.0,rest,0.13333333333333997,88.4,2.6953736979166667
61,3.22546875,89.06666666666666,rest,0.06666666666666288,88.52666666666667,2.6758580729166668
62,1.7045442708333334,89.13333333333334,rest,0.06666666666667709,88.64666666666668,2.562723958333333
63,2.884322916666666,89.2,rest,0.06666666666666288,88.76,2.521953125
64,1.6608984375,89.26666666666667,rest,0.06666666666666288,88.86666666666666,2.4914752604166663
65,2.9199348958333333,89.33333333333333,rest,0.06666666666666288,88.96666666666667,2.452984375
66,1.6385677083333334,89.4,rest,0.06666666666667709,89.06,2.3840065104166666
67,3.3627864583333333,89.46666666666667,rest,0.06666666666666288,89.14666666666668,2.4081588541666665
68,3.0565234375,89.53333333333333,rest,0.06666666666666288,89.22666666666666,2.544153645833333
69,3.0703776041666666,89.6,rest,0.06666666666666288,89.3,2.5459674479166665
70,1.5393880208333333,89.66666666666667,rest,0.06666666666667709,89.36666666666666,2.50628125
71,3.3912369791666666,89.73333333333333,rest,0.06666666666666288,89.43333333333332,2.5228580729166667
72,3.1372786458333333,89.8,rest,0.06666666666666288,89.5,2.6661315104166663
73,2.919752604166667,89.86666666666666,rest,0.06666666666666288,89.56666666666668,2.669674479166667
74,1.6801171875,89.93333333333334,rest,0.06666666666667709,89.63333333333334,2.6715963541666667
75,3.264674479166666,90.0,rest,0.06666666666666288,89.7,2.7060703125
76,3.126145833333333,89.8,rest,-0.20000000000000284,89.74,2.854828125
77,2.921484375,89.6,rest,-0.20000000000000284,89.75333333333333,2.810697916666667
78,2.3154296875,89.4,rest,-0.19999999999998863,89.74,2.7365885416666664
79,2.9680859375,89.2,rest,-0.20000000000000284,89.7,2.7263593750000004
80,3.1573177083333333,89.0,rest,-0.20000000000000284,89.63333333333334,2.88815234375
81,1.874778645833333,88.8,rest,-0.20000000000000284,89.53999999999999,2.7365065104166666
82,3.1783854166666665,88.6,rest,-0.20000000000000284,89.41999999999999,2.7406171875000003
83,2.6381380208333334,88.4,rest,-0.19999999999998863,89.27333333333333,2.7124557291666664
84,2.8656510416666667,88.2,rest,-0.20000000000000284,89.1,2.8310091145833334
85,2.4527994791666665,88.0,rest,-0.20000000000000284,88.9,2.7498216145833334
86,3.596067708333333,87.8,rest,-0.20000000000000284,88.7,2.7968138020833333
87,3.1763671875,87.6,rest,-0.20000000000000284,88.5,2.8223020833333328
88,2.882838541666666,87.4,rest,-0.19999999999998863,88.3,2.87904296875
89,1.9746354166666664,87.2,rest,-0.20000000000000284,88.1,2.779697916666666
90,3.3291536458333333,87.0,rest,-0.20000000000000284,87.9,2.7968815104166667
91,3.157903645833333,86.93333333333334,rest,-0.06666666666666288,87.71333333333334,2.9251940104166665
92,3.021276041666667,86.86666666666666,rest,-0.06666666666667709,87.53999999999999,2.9094830729166663
93,1.5691276041666666,86.8,rest,-0.06666666666666288,87.38000000000001,2.80258203125
94,3.436184895833333,86.73333333333333,rest,-0.06666666666666288,87.23333333333333,2.859635416666667
95,2.101692708333333,86.66666666666667,rest,-0.06666666666666288,87.1,2.824524739583333
96,3.2857682291666666,86.6,rest,-0.06666666666667709,86.98,2.7934947916666664
97,2.1197005208333333,86.53333333333333,rest,-0.06666666666666288,86.87333333333333,2.6878281250000002
98,2.918229166666667,86.46666666666667,rest,-0.06666666666666288,86.78,2.6913671875
99,3.320546875,86.4,rest,-0.06666666666666288,86.7,2.8259583333333333
100,3.395833333333333,86.33333333333333,rest,-0.06666666666667709,86.63333333333334,2.8326263020833333
101,2.838684895833333,86.26666666666667,rest,-0.06666666666666288,86.56666666666668,2.8007044270833332
102,2.1363671875,86.2,rest,-0.06666666666666288,86.5,2.7122135416666664
103,3.5433854166666667,86.13333333333334,rest,-0.06666666666666288,86.43333333333332,2.9096393229166666
104,3.1699739583333333,86.06666666666666,rest,-0.06666666666667709,86.36666666666666,2.883018229166667
105,3.459765625,86.0,rest,-0.06666666666666288,86.3,3.0188255208333334
106,3.112161458333333,86.53333333333333,rest,0.5333333333333314,86.29333333333332,3.00146484375
107,4.090924479166667,87.06666666666666,rest,0.5333333333333314,86.34666666666666,3.1985872395833335
108,3.2803645833333333,87.6,rest,0.5333333333333314,86.46,3.23480078125
109,3.692942708333333,88.13333333333334,rest,0.5333333333333456,86.63333333333334,3.272040364583333
110,3.320859375,88.66666666666667,rest,0.5333333333333314,86.86666666666666,3.26454296875
111,3.0240885416666665,89.2,rest,0.5333333333333314,87.16,3.283083333333333
112,2.7754557291666666,89.73333333333333,rest,0.5333333333333314,87.51333333333335,3.3469921874999997
113,3.242721354166666,90.26666666666667,rest,0.5333333333333314,87.92666666666666,3.31692578125
114,3.31078125,90.8,rest,0.5333333333333314,88.4,3.331006510416666
115,3.4762890625,91.33333333333333,rest,0.5333333333333314,88.93333333333334,3.3326588541666666
116,2.454921875,91.86666666666666,rest,0.5333333333333314,89.46666666666667,3.266934895833333
117,1.6847786458333334,92.4,rest,0.5333333333333456,90.0,3.0263203124999998
118,3.1880859375,92.93333333333334,rest,0.5333333333333314,90.53333333333333,3.0170924479166663
119,3.0675651041666665,93.46666666666667,rest,0.5333333333333314,91.06666666666666,2.9545546874999995
120,2.318489583333333,94.0,rest,0.5333333333333314,91.6,2.8543177083333333
121,1.6876041666666666,93.8,rest,-0.20000000000000284,92.05999999999999,2.720669270833333
122,3.3558984375,93.6,rest,-0.20000000000000284,92.44666666666666,2.7787135416666664
123,3.233515625,93.4,rest,-0.19999999999998863,92.75999999999999,2.77779296875
124,2.980078125,93.2,rest,-0.20000000000000284,93.0,2.74472265625
125,1.5696484375,93.0,rest,-0.20000000000000284,93.16666666666666,2.55405859375
126,1.7996354166666666,92.8,rest,-0.20000000000000284,93.25999999999999,2.4885299479166667
127,3.4478385416666666,92.6,rest,-0.20000000000000284,93.28,2.6648359375000004
128,3.0883854166666667,92.4,rest,-0.19999999999998863,93.22666666666666,2.6548658854166662
129,3.1467578125,92.2,rest,-0.20000000000000284,93.1,2.66278515625
130,1.5432291666666669,92.0,rest,-0.20000000000000284,92.9,2.5852591145833332
131,2.9101432291666667,91.8,rest,-0.20000000000000284,92.7,2.7075130208333333
132,2.8825390625,91.6,rest,-0.20000000000000284,92.5,2.660177083333333
133,3.11609375,91.4,rest,-0.19999999999998863,92.3,2.6484348958333337
134,1.8850390625,91.2,rest,-0.20000000000000284,92.1,2.538930989583333
135,2.080703125,91.0,rest,-0.20000000000000284,91.9,2.590036458333333
136,3.1829296875,90.73333333333333,rest,-0.2666666666666657,91.69333333333334,2.728365885416667
137,3.2319921875,90.46666666666667,rest,-0.2666666666666657,91.48,2.7067812499999997
138,1.8474739583333333,90.2,rest,-0.2666666666666657,91.26,2.582690104166667
139,2.7367317708333334,89.93333333333334,rest,-0.2666666666666657,91.03333333333333,2.5416874999999997
140,2.5594140625,89.66666666666667,rest,-0.2666666666666657,90.8,2.6433059895833333
141,3.0194140625,89.4,rest,-0.2666666666666657,90.56,2.654233072916667
142,2.000598958333333,89.13333333333334,rest,-0.2666666666666657,90.31333333333335,2.5660390625
143,1.4762369791666667,88.86666666666666,rest,-0.26666666666667993,90.06,2.4020533854166666
144,2.5692838541666667,88.6,rest,-0.2666666666666657,89.8,2.470477864583333
145,2.553580729166667,88.33333333333333,rest,-0.2666666666666657,89.53333333333333,2.517765625
146,1.6326171875,88.06666666666666,rest,-0.2666666666666657,89.26666666666667,2.362734375
147,2.0665494791666665,87.8,rest,-0.2666666666666657,89.0,2.2461901041666668
148,4.248541666666667,87.53333333333333,rest,-0.2666666666666657,88.73333333333333,2.486296875
149,4.171588541666667,87.26666666666667,rest,-0.2666666666666657,88.46666666666667,2.6297825520833333
150,4.598072916666666,87.0,rest,-0.2666666666666657,88.2,2.8336484375
151,3.416484375,86.86666666666666,rest,-0.13333333333333997,87.94666666666667,2.87335546875
152,2.950963541666667,86.73333333333333,rest,-0.13333333333332575,87.70666666666666,2.9683919270833337
153,1.7972786458333334,86.6,rest,-0.13333333333333997,87.47999999999999,3.0004960937500003
154,3.2003515625,86.46666666666667,rest,-0.13333333333332575,87.26666666666667,3.0636028645833333
155,2.2189322916666665,86.33333333333333,rest,-0.13333333333333997,87.06666666666666,3.0301380208333333
156,3.2394010416666665,86.2,rest,-0.13333333333332575,86.88,3.1908164062499997
157,1.632734375,86.06666666666666,rest,-0.13333333333333997,86.70666666666666,3.1474348958333334
158,3.431979166666667,85.93333333333334,rest,-0.13333333333332575,86.54666666666667,3.0657786458333334
159,3.1439453125,85.8,rest,-0.13333333333333997,86.4,2.9630143229166666
160,2.5773307291666665,85.66666666666667,rest,-0.13333333333332575,86.26666666666667,2.7609401041666666
161,2.734674479166667,85.53333333333333,rest,-0.13333333333333997,86.13333333333333,2.692759114583333
162,2.947291666666666,85.4,rest,-0.13333333333332575,86.0,2.6923919270833334
163,3.177760416666666,85.26666666666667,rest,-0.13333333333333997,85.86666666666667,2.8304401041666667
164,1.5272526041666667,85.13333333333334,rest,-0.13333333333332575,85.73333333333333,2.663130208333333
165,3.2626302083333334,85.0,rest,-0.13333333333333997,85.6,2.7674999999999996
166,2.9631380208333336,85.13333333333334,rest,0.13333333333333997,85.49333333333333,2.739873697916667
167,2.5510286458333336,85.26666666666667,rest,0.13333333333332575,85.41333333333333,2.8317031249999998
168,3.0200260416666667,85.4,rest,0.13333333333333997,85.36000000000001,2.7905078125000005
169,2.8452994791666666,85.53333333333333,rest,0.13333333333332575,85.33333333333334,2.760643229166667
170,1.7429036458333331,85.66666666666667,rest,0.13333333333333997,85.33333333333334,2.6772005208333334
171,2.891484375,85.8,rest,0.13333333333332575,85.35999999999999,2.6928815104166666
172,2.917200520833333,85.93333333333334,rest,0.13333333333333997,85.41333333333333,2.689872395833333
173,2.1299348958333333,86.06666666666666,rest,0.13333333333332575,85.49333333333334,2.58508984375
174,3.419791666666667,86.2,rest,0.13333333333333997,85.6,2.7743437500000003
175,3.6901041666666665,86.33333333333333,rest,0.13333333333332575,85.73333333333333,2.8170911458333334
176,2.804557291666667,86.46666666666667,rest,0.13333333333333997,85.86666666666667,2.801233072916667
177,3.173177083333333,86.6,rest,0.13333333333332575,86.0,2.8634479166666664
178,2.9854166666666666,86.73333333333333,rest,0.13333333333333997,86.13333333333333,2.859986979166666
179,2.416848958333333,86.86666666666666,rest,0.13333333333332575,86.26666666666667,2.817141927083333
180,3.28484375,87.0,rest,0.13333333333333997,86.4,2.9713359375
181,2.9412890625,86.86666666666666,rest,-0.13333333333333997,86.50666666666667,2.97631640625
182,2.7905598958333333,86.73333333333333,rest,-0.13333333333332575,86.58666666666667,2.9636523437499998
183,2.9855989583333336,86.6,rest,-0.13333333333333997,86.63999999999999,3.04921875
184,1.8199869791666667,86.46666666666667,rest,-0.13333333333332575,86.66666666666666,2.88923828125
185,2.845481770833333,86.33333333333333,rest,-0.13333333333333997,86.66666666666666,2.804776041666667
186,2.9491536458333334,86.2,rest,-0.13333333333332575,86.64000000000001,2.8192356770833333
187,1.686953125,86.06666666666666,rest,-0.13333333333333997,86.58666666666667,2.67061328125
188,2.789830729166667,85.93333333333334,rest,-0.13333333333332575,86.50666666666666,2.6510546875000003
189,2.7613151041666666,85.8,rest,-0.13333333333333997,86.4,2.685501302083334
190,2.059127604166666,85.66666666666667,rest,-0.13333333333332575,86.26666666666667,2.5629296875
191,2.840442708333333,85.53333333333333,rest,-0.13333333333333997,86.13333333333333,2.5528450520833332
192,3.0129296875,85.4,rest,-0.13333333333332575,86.0,2.57508203125
193,3.0722786458333333,85.26666666666667,rest,-0.13333333333333997,85.86666666666667,2.5837499999999998
194,1.5823567708333333,85.13333333333334,rest,-0.13333333333332575,85.73333333333333,2.5599869791666667
195,3.020859375,85.0,rest,-0.13333333333333997,85.6,2.577524739583333
196,3.012526041666667,84.93333333333334,rest,-0.06666666666666288,85.47333333333333,2.5838619791666666
197,1.99625,84.86666666666666,rest,-0.06666666666667709,85.35333333333332,2.614791666666666
198,2.77875,84.8,rest,-0.06666666666666288,85.24,2.61368359375
199,2.9510807291666667,84.73333333333333,rest,-0.06666666666666288,85.13333333333334,2.63266015625
200,3.012005208333333,84.66666666666667,rest,-0.06666666666666288,85.03333333333333,2.727947916666667
201,2.5557552083333333,84.6,rest,-0.06666666666667709,84.94,2.6994791666666664
202,2.912239583333333,84.53333333333333,rest,-0.06666666666666288,84.85333333333332,2.68941015625
203,2.9767578125,84.46666666666667,rest,-0.06666666666666288,84.77333333333334,2.679858072916667
204,2.6433072916666664,84.4,rest,-0.06666666666666288,84.7,2.785953125
205,3.161979166666667,84.33333333333333,rest,-0.06666666666667709,84.63333333333334,2.800065104166667
206,1.795234375,84.26666666666667,rest,-0.06666666666666288,84.56666666666668,2.6783359375
207,2.980130208333333,84.2,rest,-0.06666666666666288,84.5,2.7767239583333336
208,3.1147005208333334,84.13333333333334,rest,-0.06666666666666288,84.43333333333332,2.8103190104166664
209,2.3422135416666667,84.06666666666666,rest,-0.06666666666667709,84.36666666666666,2.7494322916666665
210,3.2252604166666665,84.0,rest,-0.06666666666666288,84.3,2.7707578125000003
211,4.1957421875,84.06666666666666,rest,0.06666666666666288,84.24666666666667,2.9347565104166664
212,2.323828125,84.13333333333334,rest,0.06666666666667709,84.20666666666668,2.875915364583333
213,3.255638020833333,84.2,rest,0.06666666666666288,84.17999999999999,2.9038033854166665
214,3.1244921875,84.26666666666667,rest,0.06666666666666288,84.16666666666666,2.9519218749999996
215,2.5588671875,84.33333333333333,rest,0.06666666666666288,84.16666666666666,2.891610677083333
216,3.4101171875,84.4,rest,0.06666666666667709,84.17999999999999,3.0530989583333334
217,1.6246223958333332,84.46666666666667,rest,0.06666666666666288,84.20666666666668,2.9175481770833334
218,2.911302083333333,84.53333333333333,rest,0.06666666666666288,84.24666666666667,2.8972083333333334
219,1.5883984375,84.6,rest,0.06666666666666288,84.3,2.821826822916667
220,3.129270833333333,84.66666666666667,rest,0.06666666666667709,84.36666666666666,2.8122278645833334
221,2.3088411458333336,84.73333333333333,rest,0.06666666666666288,84.43333333333332,2.6235377604166663
222,3.110091145833333,84.8,rest,0.06666666666666288,84.5,2.7021640625
223,1.5648307291666668,84.86666666666666,rest,0.06666666666666288,84.56666666666668,2.5330833333333334
224,2.940169270833333,84.93333333333334,rest,0.06666666666667709,84.63333333333334,2.5146510416666663
225,2.5340885416666667,85.0,rest,0.06666666666666288,84.7,2.5121731770833335
226,2.7001432291666667,85.06666666666666,rest,0.06666666666666288,84.76666666666668,2.44117578125
227,2.123854166666667,85.13333333333334,rest,0.06666666666667709,84.83333333333334,2.491098958333333
228,2.646223958333333,85.2,rest,0.06666666666666288,84.9,2.464591145833333
229,2.8823828125,85.26666666666667,rest,0.06666666666666288,84.96666666666667,2.5939895833333333
230,1.5863151041666668,85.33333333333333,rest,0.06666666666666288,85.03333333333333,2.439694010416667
231,2.841458333333333,85.4,rest,0.06666666666667709,85.1,2.492955729166667
232,3.0412630208333336,85.46666666666667,rest,0.06666666666666288,85.16666666666666,2.486072916666667
233,1.545885416666667,85.53333333333333,rest,0.06666666666666288,85.23333333333332,2.4841783854166666
234,3.1278776041666667,85.6,rest,0.06666666666666288,85.3,2.5029492187500004
235,2.6686588541666665,85.66666666666667,rest,0.06666666666667709,85.36666666666666,2.51640625
236,2.8955989583333333,85.73333333333333,rest,0.06666666666666288,85.43333333333332,2.5359518229166667
237,1.525859375,85.8,rest,0.06666666666666288,85.5,2.47615234375
238,2.9880859375,85.86666666666666,rest,0.06666666666666288,85.56666666666668,2.510338541666667
239,2.8979036458333334,85.93333333333334,rest,0.06666666666667709,85.63333333333334,2.5118906250000004
240,1.888658854166667,86.0,rest,0.06666666666666288,85.7,2.542125
241,2.145078125,86.2,rest,0.20000000000000284,85.78,2.472486979166667
242,3.3362109375,86.4,rest,0.20000000000000284,85.87333333333333,2.501981770833333
243,3.3462760416666666,86.6,rest,0.19999999999998863,85.98,2.6820208333333335
244,2.3881510416666667,86.8,rest,0.20000000000000284,86.1,2.608048177083333
245,1.8415625,87.0,rest,0.20000000000000284,86.23333333333333,2.5253385416666667
246,2.9618489583333334,87.2,rest,0.20000000000000284,86.38000000000001,2.5319635416666664
247,2.902421875,87.4,rest,0.20000000000000284,86.53999999999999,2.6696197916666664
248,2.0325,87.6,rest,0.19999999999998863,86.71333333333334,2.5740611979166665
249,2.9347265625,87.8,rest,0.20000000000000284,86.9,2.577743489583333
250,2.822799479166666,88.0,rest,0.20000000000000284,87.1,2.6711575520833337
251,3.011041666666667,88.2,rest,0.20000000000000284,87.3,2.75775390625
252,2.544140625,88.4,rest,0.20000000000000284,87.5,2.678546875
253,1.7073828125,88.6,rest,0.19999999999998863,87.7,2.514657552083333
254,2.9022526041666667,88.8,rest,0.20000000000000284,87.9,2.566067708333333
255,2.911419270833333,89.0,rest,0.20000000000000284,88.1,2.6730533854166665
256,1.7212760416666666,89.13333333333334,rest,0.13333333333333997,88.29333333333332,2.5489960937499996
257,3.0567578125,89.26666666666667,rest,0.13333333333332575,88.47999999999999,2.5644296874999997
258,1.7943229166666668,89.4,rest,0.13333333333333997,88.66,2.540611979166667
259,2.976223958333333,89.53333333333333,rest,0.13333333333332575,88.83333333333334,2.5447617187500002
260,1.6387890625,89.66666666666667,rest,0.13333333333333997,89.0,2.4263606770833333
261,3.052994791666667,89.8,rest,0.13333333333332575,89.16,2.430555989583333
262,2.8565885416666665,89.93333333333334,rest,0.13333333333333997,89.31333333333333,2.46180078125
263,2.309348958333333,90.06666666666666,rest,0.13333333333332575,89.46,2.5219973958333335
264,1.709205729166667,90.2,rest,0.13333333333333997,89.6,2.4026927083333334
265,3.378645833333333,90.33333333333333,rest,0.13333333333332575,89.73333333333333,2.4494153645833334
266,2.936796875,90.46666666666667,rest,0.13333333333333997,89.86666666666667,2.5709674479166664
267,3.2052734375,90.6,rest,0.13333333333332575,90.0,2.5858190104166665
268,2.09046875,90.73333333333333,rest,0.13333333333333997,90.13333333333333,2.61543359375
269,2.6563932291666665,90.86666666666666,rest,0.13333333333332575,90.26666666666667,2.5834505208333334
270,3.534947916666667,91.0,rest,0.13333333333333997,90.4,2.77306640625
271,3.175143229166667,91.06666666666666,rest,0.06666666666666288,90.52666666666667,2.7852812499999997
272,3.1684114583333334,91.13333333333334,rest,0.06666666666667709,90.64666666666668,2.816463541666667
273,2.3475,91.2,rest,0.06666666666666288,90.76,2.820278645833333
274,2.2210546875,91.26666666666667,rest,0.06666666666666288,90.86666666666666,2.8714635416666665
275,2.982552083333333,91.33333333333333,rest,0.06666666666666288,90.96666666666667,2.831854166666667
276,2.9275390625,91.4,rest,0.06666666666667709,91.06,2.8309283854166667
277,2.2990625,91.46666666666667,rest,0.06666666666666288,91.14666666666668,2.7403072916666664
278,2.5189453125,91.53333333333333,rest,0.06666666666666288,91.22666666666666,2.7831549479166666
279,3.075963541666667,91.6,rest,0.06666666666666288,91.3,2.8251119791666666
280,3.108098958333333,91.66666666666667,rest,0.06666666666667709,91.36666666666666,2.7824270833333333
281,2.124153645833333,91.73333333333333,rest,0.06666666666666288,91.43333333333332,2.677328125
282,1.6029947916666667,91.8,rest,0.06666666666666288,91.5,2.5207864583333333
283,3.280169270833333,91.86666666666666,rest,0.06666666666666288,91.56666666666668,2.6140533854166668
284,4.165234375,91.93333333333334,rest,0.06666666666667709,91.63333333333334,2.8084713541666666
285,4.296263020833333,92.0,rest,0.06666666666666288,91.7,2.939842447916667
286,4.442708333333333,93.2,rest,1.2000000000000028,91.88000000000001,3.0913593749999997
287,4.085703125,94.4,rest,1.2000000000000028,92.17333333333333,3.2700234375
288,3.451848958333333,95.6,rest,1.1999999999999886,92.58000000000001,3.363313802083333
289,3.2077213541666665,96.8,rest,1.2000000000000028,93.1,3.3764895833333335
290,2.922513020833333,98.0,rest,1.2000000000000028,93.73333333333333,3.357930989583333
291,2.007044270833333,99.2,rest,1.2000000000000028,94.48,3.3462200520833334
292,1.6127994791666669,100.4,rest,1.2000000000000028,95.34,3.3472005208333337
293,3.256536458333333,101.6,rest,1.1999999999999886,96.31333333333333,3.3448372395833332
294,3.5103385416666666,102.8,rest,1.2000000000000028,97.4,3.2793476562499997
295,3.2648958333333336,104.0,rest,1.2000000000000028,98.6,3.1762109375
296,3.106236979166667,105.2,rest,1.2000000000000028,99.8,3.0425638020833334
297,2.5226822916666665,106.4,rest,1.2000000000000028,101.0,2.88626171875
298,1.5468359375,107.6,rest,1.1999999999999886,102.2,2.6957604166666664
299,2.4077994791666666,108.8,rest,1.2000000000000028,103.4,2.6157682291666666
300,3.058125,110.0,rest,1.2000000000000028,104.6,2.6293294270833334
301,1.7906510416666668,110.33333333333333,rest,0.3333333333333286,105.71333333333332,2.6076901041666667
302,2.9642838541666667,110.66666666666667,rest,0.3333333333333428,106.74000000000001,2.742838541666667
303,2.7563671875,111.0,rest,0.3333333333333286,107.67999999999999,2.6928216145833335
304,1.8201432291666664,111.33333333333333,rest,0.3333333333333286,108.53333333333333,2.523802083333333
305,7.098736979166667,111.66666666666667,rest,0.3333333333333428,109.3,2.9071861979166664
306,0.0,112.0,active,0.3333333333333286,109.97999999999999,2.5965624999999997
307,41.47975260416667,112.33333333333333,active,0.3333333333333286,110.57333333333334,6.49226953125
308,22.28614583333333,112.66666666666667,active,0.3333333333333428,111.08,8.566200520833334
309,16.893658854166667,113.0,active,0.3333333333333286,111.5,10.014786458333333
310,12.790950520833333,113.33333333333333,active,0.3333333333333286,111.83333333333333,10.988069010416668
311,8.415533854166666,113.66666666666667,active,0.3333333333333428,112.16666666666666,11.650557291666667
312,8.83328125,114.0,active,0.3333333333333286,112.5,12.237457031249999
313,9.237981770833333,114.33333333333333,active,0.3333333333333286,112.83333333333333,12.885618489583333
314,8.159453125,114.66666666666667,active,0.3333333333333428,113.16666666666666,13.519549479166667
315,7.987018229166667,115.0,active,0.3333333333333286,113.5,13.608377604166668
316,9.398203125,115.26666666666667,active,0.2666666666666657,113.82666666666667,14.548197916666666
317,6.246770833333334,115.53333333333333,active,0.2666666666666657,114.14666666666668,11.024899739583333
318,10.470546875,115.8,active,0.2666666666666657,114.46,9.843339843749998
319,6.362760416666666,116.06666666666666,active,0.2666666666666657,114.76666666666668,8.79025
320,9.027408854166667,116.33333333333333,active,0.2666666666666657,115.06666666666668,8.413895833333333
321,18.94669270833333,116.6,active,0.2666666666666657,115.35999999999999,9.46701171875
322,13.565377604166668,116.86666666666666,active,0.2666666666666657,115.64666666666668,9.940221354166667
323,9.704635416666669,117.13333333333334,active,0.26666666666667993,115.92666666666666,9.98688671875
324,8.775325520833333,117.4,active,0.2666666666666657,116.2,10.048473958333334
325,14.837486979166666,117.66666666666667,active,0.2666666666666657,116.46666666666667,10.733520833333333
326,9.63609375,117.93333333333334,active,0.2666666666666657,116.73333333333332,10.757309895833334
327,12.614479166666667,118.2,active,0.2666666666666657,117.0,11.394080729166667
328,11.311302083333333,118.46666666666667,active,0.2666666666666657,117.26666666666668,11.478156250000001
329,13.24953125,118.73333333333333,active,0.2666666666666657,117.53333333333333,12.166833333333333
330,6.434453125,119.0,active,0.2666666666666657,117.8,11.907537760416666
331,10.377630208333333,119.13333333333334,active,0.13333333333333997,118.05333333333336,11.050631510416668
332,10.262838541666667,119.26666666666667,active,0.13333333333332575,118.29333333333334,10.720377604166666
333,11.87203125,119.4,active,0.13333333333333997,118.52000000000001,10.9371171875
334,14.544869791666668,119.53333333333333,active,0.13333333333332575,118.73333333333332,11.514071614583333
335,7.279921875,119.66666666666667,active,0.13333333333333997,118.93333333333332,10.758315104166666
336,14.127825520833332,119.8,active,0.13333333333332575,119.12,11.207488281249999
337,13.484518229166667,119.93333333333334,active,0.13333333333333997,119.29333333333334,11.2944921875
338,10.081471354166666,120.06666666666666,active,0.13333333333332575,119.45333333333333,11.171509114583333
339,8.62328125,120.2,active,0.13333333333333997,119.6,10.708884114583334
340,16.388450520833334,120.33333333333333,active,0.13333333333332575,119.73333333333332,11.704283854166667
341,14.399153645833334,120.46666666666667,active,0.13333333333333997,119.86666666666665,12.106436197916668
342,9.233997395833333,120.6,active,0.13333333333332575,120.0,12.003552083333334
343,7.5591015625,120.73333333333333,active,0.13333333333333997,120.13333333333335,11.572259114583334
344,11.030130208333333,120.86666666666666,active,0.13333333333332575,120.26666666666668,11.220785156249999
345,6.225104166666667,121.0,active,0.13333333333333997,120.4,11.115303385416667
346,11.941979166666666,121.53333333333333,active,0.5333333333333314,120.57333333333334,10.89671875
347,10.673958333333331,122.06666666666666,active,0.5333333333333314,120.78666666666666,10.615662760416665
348,9.007291666666667,122.6,active,0.5333333333333314,121.04,10.508244791666666
349,8.265104166666667,123.13333333333334,active,0.5333333333333456,121.33333333333333,10.472427083333333
350,11.226861979166667,123.66666666666667,active,0.5333333333333314,121.66666666666667,9.956268229166666
351,6.0626822916666665,124.2,active,0.5333333333333314,122.04,9.12262109375
352,11.96578125,124.73333333333333,active,0.5333333333333314,122.45333333333333,9.395799479166666
353,9.914283854166667,125.26666666666667,active,0.5333333333333314,122.90666666666667,9.631317708333333
354,5.772864583333333,125.8,active,0.5333333333333314,123.4,9.105591145833333
355,12.5970703125,126.33333333333333,active,0.5333333333333314,123.93333333333332,9.742787760416666
356,12.186341145833332,126.86666666666666,active,0.5333333333333314,124.46666666666667,9.767223958333332
357,17.19734375,127.4,active,0.5333333333333456,125.0,10.4195625
358,8.896666666666667,127.93333333333334,active,0.5333333333333314,125.53333333333333,10.4085
359,6.32359375,128.46666666666667,active,0.5333333333333314,126.06666666666668,10.214348958333334
360,10.938346354166669,129.0,active,0.5333333333333314,126.6,10.185497395833334
361,7.834375,128.93333333333334,active,-0.06666666666666288,127.07333333333334,10.362666666666666
362,9.563216145833334,128.86666666666667,active,-0.06666666666666288,127.48666666666665,10.12241015625
363,16.674270833333335,128.8,active,-0.06666666666666288,127.84,10.798408854166667
364,15.748450520833334,128.73333333333332,active,-0.0666666666666913,128.13333333333333,11.795967447916667
365,8.983450520833333,128.66666666666666,active,-0.06666666666666288,128.36666666666667,11.434605468750002
366,15.326744791666666,128.6,active,-0.06666666666666288,128.54,11.748645833333333
367,18.6694140625,128.53333333333333,active,-0.06666666666666288,128.65333333333334,11.895852864583333
368,18.207994791666668,128.46666666666667,active,-0.06666666666666288,128.70666666666665,12.826985677083334
369,18.843971354166666,128.4,active,-0.06666666666666288,128.7,14.079023437500002
370,10.354114583333333,128.33333333333334,active,-0.06666666666666288,128.63333333333333,14.020600260416666
371,13.2353125,128.26666666666668,active,-0.06666666666666288,128.56666666666666,14.560694010416668
372,14.1648046875,128.2,active,-0.0666666666666913,128.5,15.020852864583333
373,14.854309895833332,128.13333333333333,active,-0.06666666666666288,128.43333333333334,14.838856770833335
374,10.454401041666667,128.06666666666666,active,-0.06666666666666288,128.36666666666667,14.309451822916667
375,11.906783854166669,128.0,active,-0.06666666666666288,128.3,14.60178515625
376,14.260403645833334,127.86666666666666,active,-0.13333333333333997,128.22666666666666,14.495151041666665
377,18.087018229166667,127.73333333333333,active,-0.13333333333332575,128.14666666666665,14.436911458333332
378,13.86546875,127.6,active,-0.13333333333333997,128.06,14.002658854166665
379,18.4704296875,127.46666666666667,active,-0.13333333333332575,127.96666666666667,13.9653046875
380,21.71680989583333,127.33333333333333,active,-0.13333333333333997,127.86666666666667,15.101574218749999
381,15.975286458333333,127.2,active,-0.13333333333332575,127.76000000000002,15.375571614583333
382,15.567760416666667,127.06666666666666,active,-0.13333333333333997,127.64666666666668,15.515867187499998
383,19.601666666666667,126.93333333333334,active,-0.13333333333332575,127.52666666666667,15.990602864583334
384,18.041692708333333,126.8,active,-0.13333333333333997,127.4,16.74933203125
385,15.976653645833334,126.66666666666667,active,-0.13333333333332575,127.26666666666668,17.156319010416667
386,11.535247395833334,126.53333333333333,active,-0.13333333333333997,127.13333333333335,16.883803385416666
387,12.7135546875,126.4,active,-0.13333333333332575,127.0,16.34645703125
388,13.836549479166669,126.26666666666667,active,-0.13333333333333997,126.86666666666665,16.343565104166668
389,10.87109375,126.13333333333334,active,-0.13333333333332575,126.73333333333332,15.58363151041667
390,9.523645833333331,126.0,active,-0.13333333333333997,126.6,14.364315104166668
391,10.798880208333332,126.13333333333334,active,0.13333333333333997,126.49333333333334,13.84667447916667
392,13.698463541666667,126.26666666666667,active,0.13333333333332575,126.41333333333334,13.659744791666668
393,10.12828125,126.4,active,0.13333333333333997,126.35999999999999,12.71240625
394,7.803138020833333,126.53333333333333,active,0.13333333333332575,126.33333333333333,11.68855078125
395,15.541119791666668,126.66666666666667,active,0.13333333333333997,126.33333333333333,11.644997395833332
396,9.753932291666668,126.8,active,0.13333333333332575,126.35999999999999,11.466865885416667
397,18.133645833333333,126.93333333333334,active,0.13333333333333997,126.41333333333334,12.008875
398,15.958072916666667,127.06666666666666,active,0.13333333333332575,126.49333333333334,12.22102734375
399,12.546158854166666,127.2,active,0.13333333333333997,126.6,12.388533854166667
400,10.0749609375,127.33333333333333,active,0.13333333333332575,126.73333333333332,12.443665364583333
401,8.796731770833333,127.46666666666667,active,0.13333333333333997,126.86666666666665,12.243450520833333
402,6.380729166666667,127.6,active,0.13333333333332575,127.0,11.511677083333334
403,12.093567708333332,127.73333333333333,active,0.13333333333333997,127.13333333333335,11.708205729166668
404,10.682526041666666,127.86666666666666,active,0.13333333333332575,127.26666666666668,11.99614453125
405,15.955403645833334,128.0,active,0.13333333333333997,127.4,12.037572916666665
406,14.784505208333334,127.66666666666667,active,-0.3333333333333286,127.48666666666668,12.540630208333335
407,24.56813802083333,127.33333333333333,active,-0.3333333333333428,127.52666666666667,13.184079427083333
408,11.44703125,127.0,active,-0.3333333333333286,127.52000000000001,12.732975260416666
409,16.9681640625,126.66666666666667,active,-0.3333333333333286,127.46666666666667,13.17517578125
410,7.224270833333334,126.33333333333333,active,-0.3333333333333428,127.36666666666667,12.890106770833333
411,16.7388671875,126.0,active,-0.3333333333333286,127.22,13.6843203125
412,15.110052083333333,125.66666666666667,active,-0.3333333333333286,127.02666666666667,14.557252604166667
413,12.108854166666667,125.33333333333333,active,-0.3333333333333428,126.78666666666666,14.558781250000001
414,6.823671875,125.0,active,-0.3333333333333286,126.5,14.172895833333333
415,13.914401041666666,124.66666666666667,active,-0.3333333333333286,126.16666666666667,13.968795572916667
416,18.149674479166663,124.33333333333333,active,-0.3333333333333428,125.83333333333333,14.3053125
417,12.108229166666666,124.0,active,-0.3333333333333286,125.5,13.059321614583334
418,20.32091145833333,123.66666666666667,active,-0.3333333333333286,125.16666666666667,13.946709635416667
419,15.9096484375,123.33333333333333,active,-0.3333333333333428,124.83333333333333,13.840858072916665
420,6.721067708333333,123.0,active,-0.3333333333333286,124.5,13.790537760416665
421,15.576002604166666,123.13333333333334,active,0.13333333333333997,124.21333333333334,13.67425130208333
422,9.381497395833334,123.26666666666667,active,0.13333333333332575,123.97333333333333,13.101395833333333
423,8.97,123.4,active,0.13333333333333997,123.78,12.787510416666667
424,13.9882421875,123.53333333333333,active,0.13333333333332575,123.63333333333333,13.503967447916665
425,15.051432291666666,123.66666666666667,active,0.13333333333333997,123.53333333333333,13.617670572916666
426,14.044830729166666,123.8,active,0.13333333333332575,123.47999999999999,13.207186197916666
427,14.537395833333331,123.93333333333334,active,0.13333333333333997,123.47333333333333,13.450102864583334
428,15.979088541666666,124.06666666666666,active,0.13333333333332575,123.51333333333332,13.015920572916665
429,20.6456640625,124.2,active,0.13333333333333997,123.6,13.489522135416667
430,6.7371875,124.33333333333333,active,0.13333333333332575,123.73333333333332,13.491134114583335
431,11.721354166666666,124.46666666666667,active,0.13333333333333997,123.86666666666665,13.105669270833332
432,9.158567708333331,124.6,active,0.13333333333332575,124.0,13.083376302083332
433,8.4353125,124.73333333333333,active,0.13333333333333997,124.13333333333335,13.029907552083333
434,16.110911458333334,124.86666666666666,active,0.13333333333332575,124.26666666666668,13.242174479166668
435,19.468151041666665,125.0,active,0.13333333333333997,124.4,13.683846354166667
436,11.958424479166666,125.06666666666666,active,0.06666666666666288,124.52666666666667,13.475205729166666
437,23.10467447916667,125.13333333333334,active,0.06666666666667709,124.64666666666668,14.33193359375
438,12.946380208333334,125.2,active,0.06666666666666288,124.76000000000002,14.028662760416665
439,13.407135416666666,125.26666666666667,active,0.06666666666666288,124.86666666666667,13.304809895833333
440,12.161822916666669,125.33333333333333,active,0.06666666666666288,124.96666666666667,13.847273437500002
441,11.212877604166666,125.4,active,0.06666666666667709,125.06000000000002,13.796425781249999
442,18.224244791666667,125.46666666666667,active,0.06666666666666288,125.14666666666668,14.702993489583335
443,16.617486979166667,125.53333333333333,active,0.06666666666666288,125.22666666666666,15.521210937500001
444,12.845,125.6,active,0.06666666666666288,125.3,15.194619791666668
445,15.567330729166668,125.66666666666667,active,0.06666666666667709,125.36666666666667,14.804537760416668
446,15.2740625,125.73333333333333,active,0.06666666666666288,125.43333333333335,15.136101562500002
447,6.072682291666666,125.8,active,0.06666666666666288,125.5,13.432902343750001
448,8.612643229166666,125.86666666666666,active,0.06666666666666288,125.56666666666665,12.999528645833333
449,16.97848958333333,125.93333333333334,active,0.06666666666667709,125.63333333333333,13.356664062499998
450,9.754817708333333,126.0,active,0.06666666666666288,125.7,13.115963541666668
451,20.407747395833333,125.86666666666666,active,-0.13333333333333997,125.74666666666664,14.035450520833333
452,16.647760416666667,125.73333333333333,active,-0.13333333333332575,125.77333333333334,13.877802083333332
453,11.5701171875,125.6,active,-0.13333333333333997,125.78,13.373065104166667
454,15.8129296875,125.46666666666667,active,-0.13333333333332575,125.76666666666668,13.669858072916668
455,10.602513020833332,125.33333333333333,active,-0.13333333333333997,125.73333333333332,13.173376302083332
456,12.2761328125,125.2,active,-0.13333333333332575,125.67999999999999,12.873583333333334
457,12.4040625,125.06666666666666,active,-0.13333333333333997,125.60666666666665,13.506721354166666
458,16.50875,124.93333333333334,active,-0.13333333333332575,125.51333333333335,14.29633203125
459,8.2941796875,124.8,active,-0.13333333333333997,125.4,13.427901041666667
460,16.954361979166666,124.66666666666667,active,-0.13333333333332575,125.26666666666668,14.14785546875
461,19.877486979166665,124.53333333333333,active,-0.13333333333333997,125.13333333333335,14.094829427083335
462,30.04915364583333,124.4,active,-0.13333333333332575,125.0,15.43496875
463,17.1255078125,124.26666666666667,active,-0.13333333333333997,124.86666666666665,15.990507812499999
464,15.849049479166666,124.13333333333334,active,-0.13333333333332575,124.73333333333332,15.994119791666668
465,20.06864583333333,124.0,active,-0.13333333333333997,124.6,16.940733072916665
466,22.99505208333333,123.86666666666666,active,-0.13333333333333997,124.46666666666665,18.012625
467,22.1439453125,123.73333333333333,active,-0.13333333333332575,124.33333333333333,18.986613281249998
468,23.11309895833333,123.6,active,-0.13333333333333997,124.2,19.64704817708333
469,12.61046875,123.46666666666667,active,-0.13333333333332575,124.06666666666668,20.078677083333332
470,9.189309895833333,123.33333333333333,active,-0.13333333333333997,123.93333333333332,19.302171875
471,7.918346354166666,123.2,active,-0.13333333333332575,123.8,18.106257812499997
472,15.835442708333334,123.06666666666666,active,-0.13333333333333997,123.66666666666667,16.68488671875
473,15.050703125,122.93333333333334,active,-0.13333333333332575,123.53333333333335,16.477406249999998
474,13.354921875,122.8,active,-0.13333333333333997,123.4,16.227993489583334
475,18.708580729166663,122.66666666666667,active,-0.13333333333332575,123.26666666666668,16.091986979166666
476,13.259244791666667,122.53333333333333,active,-0.13333333333333997,123.13333333333335,15.118406249999998
477,17.0847265625,122.4,active,-0.13333333333332575,123.0,14.612484375
478,11.885794270833332,122.26666666666667,active,-0.13333333333333997,122.86666666666665,13.489753906249998
479,18.070078125,122.13333333333334,active,-0.13333333333332575,122.73333333333332,14.035714843749997
480,18.584505208333333,122.0,active,-0.13333333333333997,122.6,14.975234375
481,17.462799479166666,122.2,active,0.20000000000000284,122.5,15.929679687499998
482,7.9970703125,122.4,active,0.20000000000000284,122.43333333333332,15.145842447916664
483,18.086315104166665,122.6,active,0.19999999999998863,122.4,15.449403645833334
484,16.557161458333333,122.8,active,0.20000000000000284,122.4,15.769627604166667
485,16.943684895833332,123.0,active,0.20000000000000284,122.43333333333332,15.593138020833333
486,8.268606770833333,123.2,active,0.20000000000000284,122.5,15.094074218749999
487,18.244713541666663,123.4,active,0.20000000000000284,122.6,15.210072916666666
488,15.148229166666669,123.6,active,0.19999999999998863,122.73333333333335,15.536316406249998
489,18.88296875,123.8,active,0.20000000000000284,122.9,15.61760546875
490,20.63688802083333,124.0,active,0.20000000000000284,123.1,15.822843749999999
491,14.018854166666667,124.2,active,0.20000000000000284,123.3,15.47844921875
492,20.3098046875,124.4,active,0.20000000000000284,123.5,16.70972265625
493,17.34881510416667,124.6,active,0.19999999999998863,123.7,16.635972656249997
494,18.81688802083333,124.8,active,0.20000000000000284,123.9,16.861945312499998
495,22.80677083333333,125.0,active,0.20000000000000284,124.1,17.448253906249995
496,19.2548828125,125.2,active,0.20000000000000284,124.3,18.546881510416664
497,12.554583333333332,125.4,active,0.20000000000000284,124.5,17.977868489583333
498,18.31625,125.6,active,0.19999999999998863,124.7,18.294670572916665
499,15.4825,125.8,active,0.20000000000000284,124.9,17.954623697916666
500,23.26609375,126.0,active,0.20000000000000284,125.1,18.217544270833333
501,20.696640625,126.2,active,0.20000000000000284,125.3,18.885322916666667
502,10.257161458333334,126.4,active,0.20000000000000284,125.5,17.88005859375
503,26.5565625,126.6,active,0.19999999999998863,125.7,18.800833333333333
504,20.725299479166665,126.8,active,0.20000000000000284,125.9,18.99167447916667
505,17.19265625,127.0,active,0.20000000000000284,126.1,18.430263020833333
506,14.373059895833334,127.2,active,0.20000000000000284,126.3,17.94208072916667
507,14.620169270833332,127.4,active,0.20000000000000284,126.5,18.148639322916665
508,14.460299479166666,127.6,active,0.19999999999998863,126.7,17.763044270833333
509,17.3150390625,127.8,active,0.20000000000000284,126.9,17.94629817708333
510,9.454635416666669,128.0,active,0.20000000000000284,127.1,16.56515234375
511,18.78430989583333,127.6,active,-0.4000000000000057,127.23999999999998,16.373919270833333
512,18.2819140625,127.2,active,-0.3999999999999915,127.32000000000001,17.17639453125
513,19.505546875,126.8,active,-0.4000000000000057,127.33999999999999,16.47129296875
514,16.6719140625,126.4,active,-0.3999999999999915,127.3,16.065954427083334
515,28.44984375,126.0,active,-0.4000000000000057,127.2,17.191673177083334
516,11.4893359375,125.6,active,-0.4000000000000057,127.03999999999999,16.90330078125
517,19.6281640625,125.2,active,-0.3999999999999915,126.82000000000001,17.404100260416666
518,22.456106770833333,124.8,active,-0.4000000000000057,126.53999999999999,18.203680989583333
519,16.7846875,124.4,active,-0.3999999999999915,126.2,18.150645833333332
520,10.932955729166666,124.0,active,-0.4000000000000057,125.8,18.298477864583333
521,19.492877604166665,123.6,active,-0.4000000000000057,125.4,18.369334635416667
522,8.9139453125,123.2,active,-0.3999999999999915,125.0,17.43253776041667
523,15.031731770833334,122.8,active,-0.4000000000000057,124.6,16.98515625
524,19.895377604166665,122.4,active,-0.3999999999999915,124.2,17.307502604166665
525,13.1734765625,122.0,active,-0.4000000000000057,123.8,15.779865885416665
526,15.114010416666666,122.33333333333333,active,0.3333333333333286,123.47333333333333,16.142333333333333
527,13.456354166666667,122.66666666666667,active,0.3333333333333428,123.22,15.52515234375
528,6.946888020833334,123.0,active,0.3333333333333286,123.04,13.97423046875
529,20.0589453125,123.33333333333333,active,0.3333333333333286,122.93333333333332,14.301656249999999
530,15.016510416666666,123.66666666666667,active,0.3333333333333428,122.9,14.71001171875
531,17.662669270833334,124.0,active,0.3333333333333286,122.94000000000001,14.526990885416666
532,18.404205729166662,124.33333333333333,active,0.3333333333333286,123.05333333333333,15.476016927083332
533,11.604140625,124.66666666666667,active,0.3333333333333428,123.24000000000001,15.1332578125
534,21.548528645833333,125.0,active,0.3333333333333286,123.5,15.298572916666666
535,20.599921875,125.33333333333333,active,0.3333333333333286,123.83333333333333,16.041217447916665
536,10.531145833333332,125.66666666666667,active,0.3333333333333428,124.16666666666667,15.582930989583335
537,22.04294270833333,126.0,active,0.3333333333333286,124.5,16.441589843750002
538,18.604479166666668,126.33333333333333,active,0.3333333333333286,124.83333333333333,17.607348958333333
539,13.244557291666666,126.66666666666667,active,0.3333333333333428,125.16666666666667,16.92591015625
540,18.20747395833333,127.0,active,0.3333333333333286,125.5,17.245006510416665
541,20.2146875,126.86666666666666,active,-0.13333333333333997,125.78666666666666,17.500208333333333
542,16.816158854166666,126.73333333333333,active,-0.13333333333332575,126.02666666666667,17.34140364583333
543,15.608958333333334,126.6,active,-0.13333333333333997,126.22,17.74188541666667
544,13.2443359375,126.46666666666667,active,-0.13333333333332575,126.36666666666667,16.911466145833334
545,12.490924479166669,126.33333333333333,active,-0.13333333333333997,126.46666666666667,16.10056640625
546,16.563111979166667,126.2,active,-0.13333333333332575,126.52000000000001,16.703763020833332
547,17.447578125,126.06666666666666,active,-0.13333333333333997,126.52666666666667,16.2442265625
548,12.742421875,125.93333333333334,active,-0.13333333333332575,126.48666666666668,15.658020833333333
549,29.294244791666667,125.8,active,-0.13333333333333997,126.4,17.262989583333333
550,16.7524609375,125.66666666666667,active,-0.13333333333332575,126.26666666666668,17.117488281249997
551,21.4707421875,125.53333333333333,active,-0.13333333333333997,126.13333333333335,17.24309375
552,21.949049479166668,125.4,active,-0.13333333333332575,126.0,17.7563828125
553,19.3354296875,125.26666666666667,active,-0.13333333333333997,125.86666666666665,18.12902994791667
554,22.730377604166662,125.13333333333334,active,-0.13333333333332575,125.73333333333332,19.077634114583333
555,15.582278645833334,125.0,active,-0.13333333333333997,125.6,19.386769531250003
556,14.2855078125,124.86666666666666,active,-0.13333333333333997,125.46666666666665,19.159009114583334
557,21.04485677083333,124.73333333333333,active,-0.13333333333332575,125.33333333333333,19.518736979166665
558,9.592877604166668,124.6,active,-0.13333333333333997,125.2,19.203782552083332
559,10.166614583333333,124.46666666666667,active,-0.13333333333332575,125.06666666666668,17.291019531249997
560,18.354700520833333,124.33333333333333,active,-0.13333333333333997,124.93333333333332,17.451243489583334
561,17.7020703125,124.2,active,-0.13333333333332575,124.8,17.07437630208333
562,16.0917578125,124.06666666666666,active,-0.13333333333333997,124.66666666666667,16.488647135416667
563,10.9540625,123.93333333333334,active,-0.13333333333332575,124.53333333333335,15.650510416666666
564,16.54078125,123.8,active,-0.13333333333333997,124.4,15.03155078125
565,13.229674479166668,123.66666666666667,active,-0.13333333333332575,124.26666666666668,14.796290364583331
566,22.19524739583333,123.53333333333333,active,-0.13333333333333997,124.13333333333335,15.587264322916667
567,22.416549479166665,123.4,active,-0.13333333333332575,124.0,15.724433593750001
568,17.1101171875,123.26666666666667,active,-0.13333333333333997,123.86666666666665,16.47615755208333
569,17.541484375,123.13333333333334,active,-0.13333333333332575,123.73333333333332,17.21364453125
570,14.068294270833333,123.0,active,-0.13333333333333997,123.6,16.785003906249997
571,15.8000390625,122.8,active,-0.20000000000000284,123.46,16.59480078125
572,22.786692708333334,122.6,active,-0.20000000000000284,123.31333333333335,17.264294270833332
573,16.329375,122.4,active,-0.19999999999998863,123.16,17.801825520833333
574,20.3304296875,122.2,active,-0.20000000000000284,123.0,18.180790364583334
575,24.739635416666665,122.0,active,-0.20000000000000284,122.83333333333333,19.331786458333333
576,12.907291666666667,121.8,active,-0.20000000000000284,122.66,18.402990885416664
577,18.946432291666667,121.6,active,-0.20000000000000284,122.48000000000002,18.055979166666667
578,12.496067708333332,121.4,active,-0.19999999999998863,122.29333333333334,17.59457421875
579,9.059440104166669,121.2,active,-0.20000000000000284,122.1,16.746369791666666
580,13.5932421875,121.0,active,-0.20000000000000284,121.9,16.698864583333336
581,18.58498697916667,120.8,active,-0.20000000000000284,121.7,16.977359375
582,13.353984375,120.6,active,-0.20000000000000284,121.5,16.034088541666666
583,12.006158854166667,120.4,active,-0.19999999999998863,121.3,15.601766927083332
584,16.793723958333334,120.2,active,-0.20000000000000284,121.1,15.248096354166668
585,27.964440104166663,120.0,active,-0.20000000000000284,120.9,15.570576822916667
586,20.26563802083333,119.8,active,-0.20000000000000284,120.7,16.306411458333333
587,19.621796875,119.6,active,-0.20000000000000284,120.5,16.373947916666665
588,30.69833333333333,119.4,active,-0.19999999999998863,120.3,18.194174479166666
589,24.224921875,119.2,active,-0.20000000000000284,120.1,19.71072265625
590,21.32537760416667,119.0,active,-0.20000000000000284,119.9,20.483936197916666
591,25.149166666666662,118.8,active,-0.20000000000000284,119.7,21.140354166666665
592,13.706393229166666,118.6,active,-0.20000000000000284,119.5,21.17559505208333
593,20.996158854166666,118.4,active,-0.19999999999998863,119.3,22.074595052083332
594,19.16528645833333,118.2,active,-0.20000000000000284,119.1,22.31175130208333
595,32.67419270833334,118.0,active,-0.20000000000000284,118.9,22.7827265625
596,24.383776041666668,117.8,active,-0.20000000000000284,118.7,23.194540364583332
597,26.432317708333333,117.6,active,-0.20000000000000284,118.5,23.875592447916667
598,28.5062890625,117.4,active,-0.19999999999998863,118.3,23.656388020833333
599,12.9754296875,117.2,active,-0.20000000000000284,118.1,22.531438802083333
600,28.683971354166665,117.0,active,-0.20000000000000284,117.9,23.26729817708333
601,18.052994791666663,116.8,active,-0.20000000000000284,117.7,22.557680989583332
602,25.31203125,116.6,active,-0.20000000000000284,117.5,23.718244791666667
603,29.91875,116.4,active,-0.19999999999998863,117.3,24.61050390625
604,30.618671875,116.2,active,-0.20000000000000284,117.1,25.755842447916667
605,24.27001302083333,116.0,active,-0.20000000000000284,116.9,24.915424479166667
606,29.81067708333333,115.8,active,-0.20000000000000284,116.7,25.458114583333334
607,25.2828515625,115.6,active,-0.20000000000000284,116.5,25.34316796875
608,19.545143229166666,115.4,active,-0.19999999999998863,116.3,24.447053385416666
609,25.76638020833333,115.2,active,-0.20000000000000284,116.1,25.7261484375
610,34.50381510416667,115.0,active,-0.20000000000000284,115.9,26.308132812500002
611,37.26846354166667,114.8,active,-0.20000000000000284,115.7,28.2296796875
612,23.078033854166662,114.6,active,-0.20000000000000284,115.5,28.006279947916664
613,0.0,114.4,recovery,-0.19999999999998863,115.3,25.014404947916667
614,15.618736979166666,114.2,recovery,-0.20000000000000284,115.1,23.51441145833333
615,6.0273828125,114.0,recovery,-0.20000000000000284,114.9,21.6901484375
616,7.5206640625,113.6,recovery,-0.4000000000000057,114.67999999999999,19.461147135416667
617,7.759166666666666,113.2,recovery,-0.3999999999999915,114.43999999999998,17.70877864583333
618,6.388333333333334,112.8,recovery,-0.4000000000000057,114.17999999999999,16.39309765625
619,4.587786458333333,112.4,recovery,-0.3999999999999915,113.9,14.275238281250001
620,6.307161458333334,112.0,recovery,-0.4000000000000057,113.6,11.455572916666666
621,5.8846875,111.6,recovery,-0.4000000000000057,113.28,8.3171953125
622,6.0852734375,111.2,recovery,-0.3999999999999915,112.94000000000001,6.617919270833333
623,6.492057291666667,110.8,recovery,-0.4000000000000057,112.58,7.267125
624,7.221822916666666,110.4,recovery,-0.3999999999999915,112.2,6.42743359375
625,5.152721354166666,110.0,recovery,-0.4000000000000057,111.8,6.339967447916667
626,5.8563020833333335,109.6,recovery,-0.4000000000000057,111.4,6.17353125
627,3.7628125,109.2,recovery,-0.3999999999999915,111.0,5.773895833333333
628,3.1564453125,108.8,recovery,-0.4000000000000057,110.6,5.4507070312499994
629,3.894934895833333,108.4,recovery,-0.3999999999999915,110.2,5.381421874999999
630,4.293385416666666,108.0,recovery,-0.4000000000000057,109.8,5.180044270833333
631,4.3150390625,107.2,recovery,-0.7999999999999972,109.35999999999999,5.023079427083333
632,3.883450520833333,106.4,recovery,-0.7999999999999972,108.88,4.802897135416666
633,3.460729166666667,105.6,recovery,-0.8000000000000114,108.35999999999999,4.499764322916667
634,3.31640625,104.8,recovery,-0.7999999999999972,107.8,4.109222656249999
635,3.964778645833333,104.0,recovery,-0.7999999999999972,107.2,3.9904283854166662
636,4.1023567708333335,103.2,recovery,-0.7999999999999972,106.55999999999999,3.8150338541666664
637,3.845598958333333,102.4,recovery,-0.7999999999999972,105.88,3.8233124999999992
638,3.783046875,101.6,recovery,-0.8000000000000114,105.16,3.88597265625
639,4.149401041666667,100.8,recovery,-0.7999999999999972,104.4,3.9114192708333335
640,3.343411458333333,100.0,recovery,-0.7999999999999972,103.6,3.8164218750000005
641,4.186875,99.2,recovery,-0.7999999999999972,102.8,3.80360546875
642,3.9955078125,98.4,recovery,-0.7999999999999972,102.0,3.8148111979166663
643,3.8729036458333335,97.6,recovery,-0.8000000000000114,101.2,3.856028645833333
644,2.9605078125,96.8,recovery,-0.7999999999999972,100.4,3.8204388020833333
645,2.0606380208333333,96.0,recovery,-0.7999999999999972,99.6,3.630024739583333
646,3.897630208333333,95.8,recovery,-0.20000000000000284,98.85999999999999,3.609552083333333
647,3.5910026041666665,95.6,recovery,-0.20000000000000284,98.17999999999999,3.5840924479166665
648,4.832669270833334,95.4,recovery,-0.19999999999998863,97.55999999999999,3.6890546874999997
649,5.805065104166666,95.2,recovery,-0.20000000000000284,97.0,3.85462109375
650,6.082942708333333,95.0,recovery,-0.20000000000000284,96.5,4.12857421875
651,4.5949479166666665,94.8,recovery,-0.20000000000000284,96.05999999999999,4.169381510416667
652,4.740963541666667,94.6,recovery,-0.20000000000000284,95.67999999999999,4.243927083333334
653,4.174609375,94.4,recovery,-0.19999999999998863,95.35999999999999,4.27409765625
654,2.8705859375,94.2,recovery,-0.20000000000000284,95.1,4.26510546875
655,3.5043880208333333,94.0,recovery,-0.20000000000000284,94.9,4.40948046875
656,3.57453125,93.8,recovery,-0.20000000000000284,94.7,4.377170572916667
657,3.472955729166667,93.6,recovery,-0.20000000000000284,94.5,4.365365885416667
658,2.6413151041666665,93.4,recovery,-0.19999999999998863,94.3,4.14623046875
659,2.3141276041666665,93.2,recovery,-0.20000000000000284,94.1,3.79713671875
660,3.0653645833333334,93.0,recovery,-0.20000000000000284,93.9,3.49537890625
661,3.0547395833333333,92.86666666666666,recovery,-0.13333333333333997,93.70666666666668,3.341358072916667
662,2.8226953125,92.73333333333333,recovery,-0.13333333333332575,93.52000000000001,3.14953125
663,2.5976432291666667,92.6,recovery,-0.13333333333333997,93.34,2.9918346354166667
664,2.6693880208333334,92.46666666666667,recovery,-0.13333333333332575,93.16666666666666,2.97171484375
665,2.150260416666667,92.33333333333333,recovery,-0.13333333333333997,93.0,2.8363020833333334
666,2.856770833333333,92.2,recovery,-0.13333333333332575,92.84,2.7645260416666666
667,1.5384765625,92.06666666666666,recovery,-0.13333333333333997,92.68666666666667,2.571078125
668,2.248046875,91.93333333333334,recovery,-0.13333333333332575,92.54,2.5317513020833333
669,2.9306770833333333,91.8,recovery,-0.13333333333333997,92.4,2.59340625
670,3.1895442708333333,91.66666666666667,recovery,-0.13333333333332575,92.26666666666667,2.6058242187500005
671,1.8302864583333331,91.53333333333333,recovery,-0.13333333333333997,92.13333333333333,2.4833789062500005
672,3.12765625,91.4,recovery,-0.13333333333332575,92.0,2.5138749999999996
673,3.1877213541666665,91.26666666666667,recovery,-0.13333333333333997,91.86666666666667,2.5728828125
674,1.8538020833333333,91.13333333333334,recovery,-0.13333333333332575,91.73333333333333,2.49132421875
675,2.834140625,91.0,recovery,-0.13333333333333997,91.6,2.559712239583333
676,1.777330729166667,90.73333333333333,recovery,-0.2666666666666657,91.45333333333333,2.4517682291666665
677,2.716666666666667,90.46666666666667,recovery,-0.2666666666666657,91.29333333333334,2.569587239583333
678,1.8445963541666663,90.2,recovery,-0.2666666666666657,91.11999999999999,2.5292421875
679,2.8892838541666666,89.93333333333334,recovery,-0.2666666666666657,90.93333333333334,2.525102864583333
680,2.95328125,89.66666666666667,recovery,-0.2666666666666657,90.73333333333333,2.5014765624999997
681,2.1465494791666666,89.4,recovery,-0.2666666666666657,90.52,2.5331028645833333
682,3.060833333333333,89.13333333333334,recovery,-0.2666666666666657,90.29333333333334,2.5264205729166664
683,3.4320833333333334,88.86666666666666,recovery,-0.26666666666667993,90.05333333333333,2.5508567708333336
684,4.82640625,88.6,recovery,-0.2666666666666657,89.8,2.8481171875
685,5.3048697916666665,88.33333333333333,recovery,-0.2666666666666657,89.53333333333333,3.0951901041666665
686,3.770716145833333,88.06666666666666,recovery,-0.2666666666666657,89.26666666666667,3.2945286458333327
687,4.618372395833333,87.8,recovery,-0.2666666666666657,89.0,3.48469921875
688,1.757109375,87.53333333333333,recovery,-0.2666666666666657,88.73333333333333,3.475950520833333
689,3.1194140625,87.26666666666667,recovery,-0.2666666666666657,88.46666666666667,3.4989635416666665
690,3.001692708333333,87.0,recovery,-0.2666666666666657,88.2,3.5038046874999997
691,2.6046744791666665,86.8,recovery,-0.20000000000000284,87.94,3.5496171875
692,2.7141145833333336,86.6,recovery,-0.20000000000000284,87.68666666666667,3.514945312499999
693,2.3102994791666664,86.4,recovery,-0.19999999999998863,87.44,3.4027669270833334
694,2.2694140625,86.2,recovery,-0.20000000000000284,87.2,3.1470677083333336
695,2.572942708333333,86.0,recovery,-0.20000000000000284,86.96666666666667,2.873875
696,1.5901692708333333,85.8,recovery,-0.20000000000000284,86.74,2.6558203125
697,4.526354166666667,85.6,recovery,-0.20000000000000284,86.52,2.646618489583333
698,5.191276041666667,85.4,recovery,-0.19999999999998863,86.30666666666666,2.99003515625
699,4.644361979166667,85.2,recovery,-0.20000000000000284,86.1,3.1425299479166666
700,4.1448828125,85.0,recovery,-0.20000000000000284,85.9,3.2568489583333333
701,4.999453125,84.8,recovery,-0.20000000000000284,85.7,3.4963268229166666
702,5.459544270833334,84.6,recovery,-0.20000000000000284,85.5,3.7708697916666667
703,2.377890625,84.4,recovery,-0.19999999999998863,85.3,3.77762890625
704,3.5932552083333333,84.2,recovery,-0.20000000000000284,85.1,3.9100130208333335
705,5.1944921875,84.0,recovery,-0.20000000000000284,84.9,4.17216796875
706,3.5566145833333334,84.2,recovery,0.20000000000000284,84.74000000000001,4.3688125
707,4.1338671875,84.4,recovery,0.20000000000000284,84.62,4.329563802083333
708,3.654791666666666,84.6,recovery,0.19999999999998863,84.54,4.175915364583333
709,2.6038671875,84.8,recovery,0.20000000000000284,84.5,3.9718658854166664
710,3.0672916666666667,85.0,recovery,0.20000000000000284,84.5,3.864106770833333
711,2.900598958333333,85.2,recovery,0.20000000000000284,84.54,3.654221354166667
712,1.9422395833333328,85.4,recovery,0.20000000000000284,84.62,3.302490885416667
713,3.100377604166667,85.6,recovery,0.19999999999998863,84.74000000000001,3.3747395833333336
714,3.2370572916666664,85.8,recovery,0.20000000000000284,84.9,3.339119791666666
715,2.007708333333333,86.0,recovery,0.20000000000000284,85.1,3.02044140625
716,2.8791276041666665,86.2,recovery,0.20000000000000284,85.3,2.952692708333333
717,2.9764713541666667,86.4,recovery,0.20000000000000284,85.5,2.836953125
718,2.889921875,86.6,recovery,0.19999999999998863,85.7,2.7604661458333335
719,1.6974479166666667,86.8,recovery,0.20000000000000284,85.9,2.66982421875
720,5.390703125,87.0,recovery,0.20000000000000284,86.1,2.9021653645833334
721,3.5211197916666666,87.06666666666666,recovery,0.06666666666666288,86.28666666666666,2.9642174479166665
722,5.4552604166666665,87.13333333333334,recovery,0.06666666666667709,86.46000000000001,3.3155195312499997
723,3.8442578125,87.2,recovery,0.06666666666666288,86.61999999999999,3.389907552083333
724,2.9501171875,87.26666666666667,recovery,0.06666666666666288,86.76666666666667,3.361213541666667
725,2.2495442708333333,87.33333333333333,recovery,0.06666666666666288,86.9,3.3853971354166665
726,2.7123307291666667,87.4,recovery,0.06666666666667709,87.02,3.3687174479166666
727,2.7788411458333333,87.46666666666667,recovery,0.06666666666666288,87.12666666666667,3.3489544270833336
728,2.4184635416666667,87.53333333333333,recovery,0.06666666666666288,87.22,3.3018085937499997
729,3.026875,87.6,recovery,0.06666666666666288,87.3,3.4347513020833333
730,2.117395833333333,87.66666666666667,recovery,0.06666666666667709,87.36666666666666,3.1074205729166664
731,2.9712630208333333,87.73333333333333,recovery,0.06666666666666288,87.43333333333332,3.052434895833333
732,3.0292447916666667,87.8,recovery,0.06666666666666288,87.5,2.809833333333333
733,1.525143229166667,87.86666666666666,recovery,0.06666666666666288,87.56666666666668,2.577921875
734,2.8974479166666667,87.93333333333334,recovery,0.06666666666667709,87.63333333333334,2.572654947916667
735,3.075546875,88.0,recovery,0.06666666666666288,87.7,2.655255208333333
736,1.8789713541666664,87.66666666666667,recovery,-0.3333333333333286,87.72666666666666,2.571919270833333
737,2.8668619791666665,87.33333333333333,recovery,-0.3333333333333428,87.71333333333334,2.5807213541666667
738,2.540677083333333,87.0,recovery,-0.3333333333333286,87.66,2.592942708333333
739,2.215182291666667,86.66666666666667,recovery,-0.3333333333333286,87.56666666666666,2.5117734375
740,2.658919270833333,86.33333333333333,recovery,-0.3333333333333428,87.43333333333334,2.5659257812500003
741,2.557447916666667,86.0,recovery,-0.3333333333333286,87.26,2.524544270833333
742,2.015286458333333,85.66666666666667,recovery,-0.3333333333333286,87.04666666666665,2.4231484375
743,2.5235286458333333,85.33333333333333,recovery,-0.3333333333333428,86.79333333333332,2.5229869791666664
744,1.5022786458333333,85.0,recovery,-0.3333333333333286,86.5,2.383470052083333
745,2.4936197916666667,84.66666666666667,recovery,-0.3333333333333286,86.16666666666666,2.32527734375
746,1.8547916666666664,84.33333333333333,recovery,-0.3333333333333428,85.83333333333334,2.322859375
747,2.205950520833333,84.0,recovery,-0.3333333333333286,85.5,2.256768229166666
748,2.3418619791666666,83.66666666666667,recovery,-0.3333333333333286,85.16666666666666,2.23688671875
749,1.5802604166666667,83.33333333333333,recovery,-0.3333333333333428,84.83333333333334,2.1733945312499996
750,2.3407421875,83.0,recovery,-0.3333333333333286,84.5,2.1415768229166665
751,2.528151041666667,83.2,recovery,0.20000000000000284,84.22,2.1386471354166665
752,1.7308333333333332,83.4,recovery,0.20000000000000284,83.99333333333334,2.110201822916667
753,2.4704166666666665,83.6,recovery,0.19999999999998863,83.82000000000001,2.1048906250000003
754,2.590703125,83.8,recovery,0.20000000000000284,83.7,2.213733072916667
755,1.6286328125,84.0,recovery,0.20000000000000284,83.63333333333334,2.1272343749999996
756,2.4274869791666664,84.2,recovery,0.20000000000000284,83.62,2.18450390625
757,2.669661458333333,84.4,recovery,0.20000000000000284,83.66,2.230875
758,1.46578125,84.6,recovery,0.19999999999998863,83.75333333333334,2.1432669270833333
759,2.5150520833333334,84.8,recovery,0.20000000000000284,83.9,2.23674609375
760,2.733098958333333,85.0,recovery,0.20000000000000284,84.1,2.2759817708333334
761,1.743203125,85.2,recovery,0.20000000000000284,84.3,2.1974869791666665
762,2.90421875,85.4,recovery,0.20000000000000284,84.5,2.3148255208333333
763,2.9117578125,85.6,recovery,0.19999999999998863,84.7,2.3589596354166664
764,1.6521484375,85.8,recovery,0.20000000000000284,84.9,2.2651041666666663
765,2.766158854166666,86.0,recovery,0.20000000000000284,85.1,2.378856770833333
766,2.790846354166667,86.33333333333333,recovery,0.3333333333333286,85.31333333333333,2.4151927083333335
767,1.573229166666667,86.66666666666667,recovery,0.3333333333333428,85.53999999999999,2.305549479166667
768,1.9409375,87.0,recovery,0.3333333333333286,85.78,2.3530651041666664
769,2.1227213541666665,87.33333333333333,recovery,0.3333333333333286,86.03333333333333,2.31383203125
770,3.2953255208333334,87.66666666666667,recovery,0.3333333333333428,86.3,2.3700546874999997
771,3.1954036458333333,88.0,recovery,0.3333333333333286,86.58,2.5152747395833335
772,2.339583333333333,88.33333333333333,recovery,0.3333333333333286,86.87333333333333,2.4588111979166665
773,3.157513020833333,88.66666666666667,recovery,0.3333333333333428,87.17999999999999,2.48338671875
774,3.0722395833333334,89.0,recovery,0.3333333333333286,87.5,2.625395833333333
775,1.820078125,89.33333333333333,recovery,0.3333333333333286,87.83333333333334,2.5307877604166666
776,3.064296875,89.66666666666667,recovery,0.3333333333333428,88.16666666666666,2.5581328125
777,3.1007291666666665,90.0,recovery,0.3333333333333286,88.5,2.7108828125
778,2.0815755208333333,90.33333333333333,recovery,0.3333333333333286,88.83333333333334,2.724946614583333
779,3.159986979166667,90.66666666666667,recovery,0.3333333333333428,89.16666666666666,2.8286731770833335
780,3.1509765625,91.0,recovery,0.3333333333333286,89.5,2.81423828125
781,1.6082682291666666,90.86666666666666,recovery,-0.13333333333333997,89.78666666666666,2.6555247395833335
782,2.9146223958333333,90.73333333333333,recovery,-0.13333333333332575,90.02666666666667,2.7130286458333335
783,2.764348958333333,90.6,recovery,-0.13333333333333997,90.22,2.6737122395833337
784,1.9390234375,90.46666666666667,recovery,-0.13333333333332575,90.36666666666666,2.560390625
785,2.500807291666667,90.33333333333333,recovery,-0.13333333333333997,90.46666666666667,2.6284635416666666
786,1.9851171875,90.2,recovery,-0.13333333333332575,90.52000000000001,2.5205455729166664
787,2.65546875,90.06666666666666,recovery,-0.13333333333333997,90.52666666666667,2.4760195312500004
788,1.9789713541666667,89.93333333333334,recovery,-0.13333333333332575,90.48666666666665,2.4657591145833333
789,2.2631901041666667,89.8,recovery,-0.13333333333333997,90.4,2.3760794270833334
790,2.5319010416666665,89.66666666666667,recovery,-0.13333333333332575,90.26666666666667,2.314171875
791,1.481171875,89.53333333333333,recovery,-0.13333333333333997,90.13333333333333,2.301462239583333
792,2.610390625,89.4,recovery,-0.13333333333332575,90.0,2.2710390625
793,2.6596744791666667,89.26666666666667,recovery,-0.13333333333333997,89.86666666666667,2.260571614583333
794,1.7799609375,89.13333333333334,recovery,-0.13333333333332575,89.73333333333333,2.2446653645833337
795,2.905859375,89.0,recovery,-0.13333333333333997,89.6,2.285170572916667
796,2.7752734375,88.6,recovery,-0.4000000000000057,89.44,2.3641861979166667
797,2.399140625,88.2,recovery,-0.3999999999999915,89.25333333333333,2.3385533854166662
798,2.7901953125,87.8,recovery,-0.4000000000000057,89.03999999999999,2.41967578125
799,1.683046875,87.4,recovery,-0.3999999999999915,88.8,2.3616614583333333
800,2.6300260416666665,87.0,recovery,-0.4000000000000057,88.53333333333333,2.3714739583333335
801,1.4486458333333334,86.6,recovery,-0.4000000000000057,88.24,2.368221354166667
802,2.74859375,86.2,recovery,-0.3999999999999915,87.91999999999999,2.382041666666667
803,2.7206901041666667,85.8,recovery,-0.4000000000000057,87.57333333333334,2.3881432291666664
804,2.031549479166667,85.4,recovery,-0.3999999999999915,87.2,2.4133020833333334
805,3.6771875,85.0,recovery,-0.4000000000000057,86.8,2.4904348958333333
806,3.841158854166667,84.6,recovery,-0.4000000000000057,86.4,2.5970234375
807,5.574309895833333,84.2,recovery,-0.3999999999999915,86.0,2.9145403645833334
808,3.412421875,83.8,recovery,-0.4000000000000057,85.6,2.9767630208333338
809,3.706458333333333,83.4,recovery,-0.3999999999999915,85.2,3.1791041666666664
810,3.5919010416666666,83.0,recovery,-0.4000000000000057,84.8,3.2752916666666665
811,2.6264583333333333,83.33333333333333,recovery,0.3333333333333286,84.47333333333333,3.3930729166666667
812,1.6417447916666668,83.66666666666667,recovery,0.3333333333333428,84.22,3.2823880208333334
813,2.9575390625,84.0,recovery,0.3333333333333286,84.03999999999999,3.306072916666667
814,2.862083333333333,84.33333333333333,recovery,0.3333333333333286,83.93333333333334,3.3891263020833335
815,2.448098958333333,84.66666666666667,recovery,0.3333333333333428,83.9,3.2662174479166666
816,1.4176432291666667,85.0,recovery,0.3333333333333286,83.94,3.0238658854166665
817,1.5330338541666666,85.33333333333333,recovery,0.3333333333333286,84.05333333333334,2.61973828125
818,2.5542578125,85.66666666666667,recovery,0.3333333333333428,84.24,2.533921875
819,2.4799609375,86.0,recovery,0.3333333333333286,84.5,2.4112721354166666
820,1.9960026041666667,86.33333333333333,recovery,0.3333333333333286,84.83333333333334,2.251682291666667
821,2.4495703125,86.66666666666667,recovery,0.3333333333333428,85.16666666666666,2.233993489583333
822,1.6633463541666669,87.0,recovery,0.3333333333333286,85.5,2.2361536458333333
823,2.315546875,87.33333333333333,recovery,0.3333333333333286,85.83333333333334,2.1719544270833335
824,1.6588932291666667,87.66666666666667,recovery,0.3333333333333428,86.16666666666666,2.0516354166666666
825,3.0469921875,88.0,recovery,0.3333333333333286,86.5,2.1115247395833334
826,2.7694401041666667,87.73333333333333,recovery,-0.2666666666666657,86.77333333333334,2.2467044270833334
827,2.642604166666666,87.46666666666667,recovery,-0.2666666666666657,86.98666666666666,2.3576614583333333
828,2.2040364583333334,87.2,recovery,-0.2666666666666657,87.14,2.322639322916667
829,2.226458333333333,86.93333333333334,recovery,-0.2666666666666657,87.23333333333333,2.2972890625
830,2.6747786458333334,86.66666666666667,recovery,-0.2666666666666657,87.26666666666667,2.365166666666666
831,2.250677083333333,86.4,recovery,-0.2666666666666657,87.24,2.3452773437499994
832,2.6084505208333333,86.13333333333334,recovery,-0.2666666666666657,87.15333333333334,2.4397877604166665
833,2.789661458333333,85.86666666666666,recovery,-0.26666666666667993,87.00666666666666,2.48719921875
834,1.51515625,85.6,recovery,-0.2666666666666657,86.8,2.472825520833333
835,2.723294270833333,85.33333333333333,recovery,-0.2666666666666657,86.53333333333333,2.4404557291666666
836,2.634973958333333,85.06666666666666,recovery,-0.2666666666666657,86.26666666666667,2.427009114583333
837,1.910703125,84.8,recovery,-0.2666666666666657,86.0,2.3538190104166667
838,2.7709244791666667,84.53333333333333,recovery,-0.2666666666666657,85.73333333333333,2.4105078124999997
839,2.3920442708333334,84.26666666666667,recovery,-0.2666666666666657,85.46666666666667,2.42706640625
840,2.3898697916666665,84.0,recovery,-0.2666666666666657,85.2,2.3985755208333335
841,2.202513020833333,83.86666666666666,recovery,-0.13333333333333997,84.94666666666667,2.3937591145833332
842,2.180924479166667,83.73333333333333,recovery,-0.13333333333332575,84.70666666666666,2.3510065104166666
843,2.770169270833333,83.6,recovery,-0.13333333333333997,84.47999999999999,2.3490572916666665
844,1.6539192708333332,83.46666666666667,recovery,-0.13333333333332575,84.26666666666667,2.36293359375
845,3.018984375,83.33333333333333,recovery,-0.13333333333333997,84.06666666666666,2.3925026041666664
846,2.9580859375,83.2,recovery,-0.13333333333332575,83.88,2.4248138020833334
847,1.7999739583333334,83.06666666666666,recovery,-0.13333333333333997,83.70666666666666,2.4137408854166664
848,2.8084375,82.93333333333334,recovery,-0.13333333333332575,83.54666666666667,2.4174921874999997
849,1.8543880208333332,82.8,recovery,-0.13333333333333997,83.4,2.3637265624999997
850,2.7411328125,82.66666666666667,recovery,-0.13333333333332575,83.26666666666667,2.3988528645833336
851,2.213684895833333,82.53333333333333,recovery,-0.13333333333333997,83.13333333333333,2.3999700520833334
852,2.5612760416666664,82.4,recovery,-0.13333333333332575,83.0,2.4380052083333332
853,2.6675130208333333,82.26666666666667,recovery,-0.13333333333333997,82.86666666666667,2.4277395833333335
854,1.5965494791666666,82.13333333333334,recovery,-0.13333333333332575,82.73333333333333,2.422002604166667
855,2.903111979166667,82.0,recovery,-0.13333333333333997,82.6,2.4104153645833337
856,6.972278645833334,82.06666666666666,recovery,0.06666666666666288,82.48666666666665,2.8118346354166666
857,6.008411458333334,82.13333333333334,recovery,0.06666666666667709,82.39333333333335,3.2326783854166665
858,3.2568229166666667,82.2,recovery,0.06666666666666288,82.32,3.277516927083333
859,8.2040234375,82.26666666666667,recovery,0.06666666666666288,82.26666666666667,3.91248046875
860,6.1722265625,82.33333333333333,recovery,0.06666666666666288,82.23333333333333,4.25558984375
861,3.8994921875,82.4,recovery,0.06666666666667709,82.22,4.424170572916667
862,4.341197916666666,82.46666666666667,recovery,0.06666666666666288,82.22666666666666,4.602162760416666
863,3.995963541666667,82.53333333333333,recovery,0.06666666666666288,82.25333333333333,4.735007812499999
864,3.6824348958333335,82.6,recovery,0.06666666666666288,82.3,4.943596354166667
865,4.828828125,82.66666666666667,recovery,0.06666666666667709,82.36666666666666,5.13616796875
866,2.8092838541666665,82.73333333333333,recovery,0.06666666666666288,82.43333333333332,4.719868489583333
867,3.1267057291666664,82.8,recovery,0.06666666666666288,82.5,4.431697916666666
868,2.666861979166667,82.86666666666666,recovery,0.06666666666666288,82.56666666666668,4.3727018229166665
869,2.857213541666667,82.93333333333334,recovery,0.06666666666667709,82.63333333333334,3.8380208333333328
870,2.8232552083333333,83.0,recovery,0.06666666666666288,82.7,3.503123697916667
871,2.100234375,83.13333333333334,recovery,0.13333333333333997,82.77333333333334,3.323197916666667
872,3.0365364583333334,83.26666666666667,recovery,0.13333333333332575,82.85333333333332,3.1927317708333334
873,2.861875,83.4,recovery,0.13333333333333997,82.94000000000001,3.0793229166666665
874,2.478046875,83.53333333333333,recovery,0.13333333333332575,83.03333333333333,2.9588841145833333
875,3.1355078125,83.66666666666667,recovery,0.13333333333333997,83.13333333333334,2.7895520833333336
876,2.098515625,83.8,recovery,0.13333333333332575,83.24000000000001,2.7184752604166667
877,2.7827994791666666,83.93333333333334,recovery,0.13333333333333997,83.35333333333332,2.6840846354166663
878,2.8777734375,84.06666666666666,recovery,0.13333333333332575,83.47333333333333,2.70517578125
879,2.0307942708333333,84.2,recovery,0.13333333333333997,83.6,2.6225338541666665
880,2.9714453125,84.33333333333333,recovery,0.13333333333332575,83.73333333333333,2.6373528645833333
881,2.8619401041666666,84.46666666666667,recovery,0.13333333333333997,83.86666666666667,2.7135234375
882,1.7038151041666667,84.6,recovery,0.13333333333332575,84.0,2.580251302083333
883,3.0497526041666667,84.73333333333333,recovery,0.13333333333333997,84.13333333333333,2.5990390625
884,3.279140625,84.86666666666666,recovery,0.13333333333332575,84.26666666666667,2.6791484375
885,2.136015625,85.0,recovery,0.13333333333333997,84.4,2.5791992187500004
886,3.209921875,85.0,recovery,0.0,84.52000000000001,2.6903398437500003
887,4.375013020833333,85.0,recovery,0.0,84.62666666666667,2.8495611979166666
888,5.4198828125,85.0,recovery,0.0,84.72,3.1037721354166665
889,5.0162890625,85.0,recovery,0.0,84.8,3.4023216145833333
890,5.0315625,85.0,recovery,0.0,84.86666666666666,3.6083333333333334
891,4.37078125,85.0,recovery,0.0,84.92,3.7592174479166673
892,3.708098958333333,85.0,recovery,0.0,84.96000000000001,3.959645833333333
893,2.3436979166666667,85.0,recovery,0.0,84.98666666666666,3.889040364583333
894,3.2320963541666665,85.0,recovery,0.0,85.0,3.8843359375
895,2.606067708333333,85.0,recovery,0.0,85.0,3.9313411458333336
896,2.98765625,85.0,recovery,0.0,85.0,3.909114583333333
897,2.3204296875,85.0,recovery,0.0,85.0,3.7036562499999994
898,2.566106770833333,85.0,recovery,0.0,85.0,3.4182786458333334
899,3.0231510416666665,85.0,recovery,0.0,85.0,3.21896484375
900,2.018880208333333,85.0,recovery,0.0,85.0,2.9176966145833334
901,2.945130208333333,85.0,recovery,0.0,85.0,2.7751315104166663
902,3.259544270833333,85.0,recovery,0.0,85.0,2.7302760416666665
903,2.57921875,85.0,recovery,0.0,85.0,2.7538281249999996
904,3.1244401041666667,85.0,recovery,0.0,85.0,2.7430624999999997
905,2.4448567708333333,85.0,recovery,0.0,85.0,2.72694140625
906,2.3853385416666666,85.0,recovery,0.0,85.0,2.666709635416667
907,3.1597526041666666,85.0,recovery,0.0,85.0,2.7506419270833335
908,2.956223958333333,85.0,recovery,0.0,85.0,2.7896536458333334
909,2.671744791666667,85.0,recovery,0.0,85.0,2.754513020833333
910,4.1228125,85.0,recovery,0.0,85.0,2.96490625
911,4.066002604166667,85.0,recovery,0.0,85.0,3.0769934895833333
912,6.620703125,85.0,recovery,0.0,85.0,3.413109375
913,4.541861979166667,85.0,recovery,0.0,85.0,3.6093736979166673
914,2.905403645833333,85.0,recovery,0.0,85.0,3.587470052083334
915,2.7796744791666668,85.0,recovery,0.0,85.0,3.620951822916667
916,2.2460546875,85.0,recovery,0.0,85.0,3.6070234374999997
917,2.634388020833333,85.0,recovery,0.0,85.0,3.554486979166667
918,3.5908333333333333,85.0,recovery,0.0,85.0,3.6179479166666675
919,8.786002604166667,85.0,recovery,0.0,85.0,4.2293736979166665
920,6.561184895833334,85.0,recovery,0.0,85.0,4.4732109375
